state,year,rgn_id,rgn_name,rgn_gdp,gdp_avg_3yr,gdp_prev_3yr,gdp_growth_rate
Connecticut,2005,3,Connecticut,3207644e3,3207644e3,NA,NA
Maine,2005,7,Maine,2140566e3,2140566e3,NA,NA
Rhode Island,2005,1,Rhode Island,2103963e3,2103963e3,NA,NA
Massachusetts,2005,4,Massachusetts-Gulf of Maine,2992398e3,2992398e3,NA,NA
Massachusetts,2005,5,Massachusetts-Virginian,115232e4,115232e4,NA,NA
New Hampshire,2005,6,New Hampshire,391665e3,391665e3,NA,NA
Connecticut,2006,3,Connecticut,3232611e3,3220127500,3207644e3,NA
Maine,2006,7,Maine,2209359e3,2174962500,2140566e3,NA
Rhode Island,2006,1,Rhode Island,208764e4,2095801500,2103963e3,NA
Massachusetts,2006,4,Massachusetts-Gulf of Maine,3094981e3,3043689500,2992398e3,NA
Massachusetts,2006,5,Massachusetts-Virginian,1236317e3,1194318500,115232e4,NA
New Hampshire,2006,6,New Hampshire,412106e3,401885500,391665e3,NA
Connecticut,2007,3,Connecticut,3691361e3,3377205333.3333335,3220127500,NA
Maine,2007,7,Maine,2209101e3,2186342e3,2174962500,NA
Rhode Island,2007,1,Rhode Island,1942921e3,2044841333.3333333,2095801500,NA
Massachusetts,2007,4,Massachusetts-Gulf of Maine,331782e4,3135066333.3333335,3043689500,NA
Massachusetts,2007,5,Massachusetts-Virginian,1396892e3,1261843e3,1194318500,NA
New Hampshire,2007,6,New Hampshire,39429e4,399353666.6666667,401885500,NA
Connecticut,2008,3,Connecticut,3554329e3,3492767e3,3377205333.3333335,0.052446815986709305
Maine,2008,7,Maine,2080046e3,2166168666.6666665,2186342e3,-0.04861819422578906
Rhode Island,2008,1,Rhode Island,1991358e3,2007306333.3333333,2044841333.3333333,-0.02615524855718221
Massachusetts,2008,4,Massachusetts-Gulf of Maine,3408793500,3273864833.3333335,3135066333.3333335,0.08731144338360086
Massachusetts,2008,5,Massachusetts-Virginian,1198075500,1277094833.3333333,1261843e3,-0.050535209213824595
New Hampshire,2008,6,New Hampshire,306463e3,370953e3,399353666.6666667,-0.23260251356149653
Connecticut,2009,3,Connecticut,3722512e3,3656067333.3333335,3492767e3,0.06577736218877472
Maine,2009,7,Maine,1971129e3,2086758666.6666667,2166168666.6666665,-0.0900390028107998
Rhode Island,2009,1,Rhode Island,1852343e3,1928874e3,2007306333.3333333,-0.07719964350234532
Massachusetts,2009,4,Massachusetts-Gulf of Maine,3352796500,3359803333.3333335,3273864833.3333335,0.02410962904241254
Massachusetts,2009,5,Massachusetts-Virginian,1384641500,1326536333.3333333,1277094833.3333333,0.08421196598686431
New Hampshire,2009,6,New Hampshire,30651e4,335754333.3333333,370953e3,-0.17372281663714806
Connecticut,2010,3,Connecticut,390383e4,3726890333.3333335,3656067333.3333335,0.06776753382186063
Maine,2010,7,Maine,2124973e3,2058716e3,2086758666.6666667,0.018312770874638673
Rhode Island,2010,1,Rhode Island,1980056e3,1941252333.3333333,1928874e3,0.02653465182277337
Massachusetts,2010,4,Massachusetts-Gulf of Maine,3655225e3,3472271666.6666665,3359803333.3333335,0.08792826167404644
Massachusetts,2010,5,Massachusetts-Virginian,129056e4,1291092333.3333333,1326536333.3333333,-0.027120503546956387
New Hampshire,2010,6,New Hampshire,316747e3,309906666.6666667,335754333.3333333,-0.05661083550175072
Connecticut,2011,3,Connecticut,3768886e3,3798409333.3333335,3726890333.3333335,0.011268286134168415
Maine,2011,7,Maine,2150078e3,208206e4,2058716e3,0.04437814637861659
Rhode Island,2011,1,Rhode Island,202868e4,1953693e3,1941252333.3333333,0.045036734877502704
Massachusetts,2011,4,Massachusetts-Gulf of Maine,4174693500,3727571666.6666665,3472271666.6666665,0.20229460732479176
Massachusetts,2011,5,Massachusetts-Virginian,992446500,1222549333.3333333,1291092333.3333333,-0.23131252941630553
New Hampshire,2011,6,New Hampshire,348398e3,323885e3,309906666.6666667,0.12420298584520073
Connecticut,2012,3,Connecticut,3993109e3,3888608333.3333335,3798409333.3333335,0.05125821089319138
Maine,2012,7,Maine,2176052e3,2150367666.6666665,208206e4,0.045143751861137504
Rhode Island,2012,1,Rhode Island,2110066e3,2039600666.6666667,1953693e3,0.08003969917484466
Massachusetts,2012,4,Massachusetts-Gulf of Maine,4618233e3,4149383833.3333335,3727571666.6666665,0.23893875503399675
Massachusetts,2012,5,Massachusetts-Virginian,1016816e3,1099940833.3333333,1222549333.3333333,-0.16828223428202482
New Hampshire,2012,6,New Hampshire,389054e3,351399666.6666667,323885e3,0.20121030612717483
Connecticut,2013,3,Connecticut,3852717e3,3871570666.6666665,3888608333.3333335,-0.009229865868894849
Maine,2013,7,Maine,2179764e3,2168631333.3333335,2150367666.6666665,0.013670375438122884
Rhode Island,2013,1,Rhode Island,223332e4,2124022e3,2039600666.6666667,0.09497904982053673
Massachusetts,2013,4,Massachusetts-Gulf of Maine,4590329500,4461085333.333333,4149383833.3333335,0.10626774585768817
Massachusetts,2013,5,Massachusetts-Virginian,1013704500,1007655666.6666666,1099940833.3333333,-0.07840088368389508
New Hampshire,2013,6,New Hampshire,413862e3,383771333.3333333,351399666.6666667,0.1777529669445712
Connecticut,2014,3,Connecticut,3658562e3,3834796e3,3871570666.6666665,-0.055018669425466515
Maine,2014,7,Maine,22697e5,2208505333.3333335,2168631333.3333335,0.04660481710891684
Rhode Island,2014,1,Rhode Island,220354e4,2182308666.6666665,2124022e3,0.037437465336987996
Massachusetts,2014,4,Massachusetts-Gulf of Maine,4705165e3,4637909166.666667,4461085333.333333,0.054713068329560466
Massachusetts,2014,5,Massachusetts-Virginian,1058798e3,1029772833.3333334,1007655666.6666666,0.050753779316810244
New Hampshire,2014,6,New Hampshire,429035e3,410650333.3333333,383771333.3333333,0.11794436617638637
Connecticut,2015,3,Connecticut,4064781e3,3858686666.6666665,3834796e3,0.05997320326817901
Maine,2015,7,Maine,2306901e3,2252121666.6666665,2208505333.3333335,0.04455305820708899
Rhode Island,2015,1,Rhode Island,2307845e3,2248235e3,2182308666.6666665,0.05752455427172998
Massachusetts,2015,4,Massachusetts-Gulf of Maine,4806050500,4700515e3,4637909166.666667,0.03625369262119005
Massachusetts,2015,5,Massachusetts-Virginian,1482803500,1185102e3,1029772833.3333334,0.4399326259173342
New Hampshire,2015,6,New Hampshire,390576e3,411157666.6666667,410650333.3333333,-0.04888424945472669
